{"mean": [0.0, 0.3038397328881469, 5.204785754034502, 11.835837506956038, 11.848080133555927, 5.781858653311074, 1.3622704507512522, 0.1296605453533667, 0.005564830272676683, 1.9938786867000557, 10.382303839732888, 11.979410127991097, 10.279354479688369, 8.175848636616584, 1.8464106844741235, 0.10795770728992765, 0.0027824151363383415, 2.6015581524763496, 9.903171953255425, 6.9927657206455205, 7.09794101279911, 7.806343906510851, 1.788536449638286, 0.05008347245409015, 0.0011129660545353367, 2.4696716750139123, 9.091263216471898, 8.821368948247079, 9.927100723427936, 7.55147468002226, 2.3177518085698385, 0.0022259321090706734, 0.0, 2.3394546466332775, 7.6672231496939345, 9.07178631051753, 10.301613800779077, 8.744017807456872, 2.90929326655537, 0.0, 0.008903728436282694, 1.5837506956037841, 6.881469115191987, 7.228158041179744, 7.672231496939343, 8.23650528658876, 3.456316082359488, 0.027267668336115748, 0.007234279354479688, 0.7045075125208681, 7.506956037840846, 9.53923205342237, 9.416249304396215, 8.758486366165831, 3.725097384529772, 0.20645520311630494, 0.0005564830272676684, 0.2793544796883695, 5.557595993322204, 12.089037284362828, 11.80912632164719, 6.764051196438508, 2.0678909293266554, 0.36449638286032277], "std": [1, 0.9069396416225765, 4.7535031654762925, 4.247659479558818, 4.286194911633446, 5.664840875402202, 3.324849688575352, 1.037094173884476, 0.09419533481186221, 3.1952709792447016, 5.419946941963766, 3.9764357503902272, 4.781349644682536, 6.0512756065803215, 3.5853229337375554, 0.8276846522533856, 0.06235093709706956, 3.575306053511887, 5.689183320635407, 5.801046954917693, 6.174009933121506, 6.195597180109219, 3.258962544657525, 0.438475432984124, 0.033342575801770385, 3.145656845137646, 6.190314694052895, 5.881299387789037, 6.150380825954412, 5.870921361772343, 3.6854300896415593, 0.047127246209773, 1, 3.479403797740606, 6.322927314015046, 6.266646815255106, 5.931839018869814, 5.8690139321808, 3.536298364487367, 1, 0.14514502628786755, 2.9809864475551486, 6.536135288407675, 6.43958504398692, 6.257769543654501, 5.693941622793818, 4.32974600961433, 0.3072703564066688, 0.2041663347550069, 1.7456669448786892, 5.642925308523715, 5.225493143981047, 5.3005730163622395, 6.029476061060761, 4.918037061763395, 0.9841269784187353, 0.023583327880263644, 0.934041800590978, 5.101599300489513, 4.373476619077706, 4.932574333335627, 5.898980685332578, 4.08940956879859, 1.8596040873906352]}