{"mean": [0.0, 0.302135231316726, 5.393238434163701, 11.815480427046264, 11.578291814946619, 5.593772241992882, 1.3793594306049821, 0.1382562277580071, 0.003202846975088968, 1.9711743772241992, 10.514946619217081, 11.79982206405694, 10.514412811387901, 8.25729537366548, 2.0870106761565834, 0.13790035587188612, 0.004270462633451958, 2.5976868327402136, 9.683807829181495, 6.817437722419929, 7.158185053380783, 7.970996441281139, 1.9637010676156583, 0.049466192170818504, 0.0010676156583629894, 2.3784697508896797, 9.191814946619218, 9.033807829181494, 9.754448398576512, 7.766548042704627, 2.333096085409253, 0.0028469750889679717, 0.0008896797153024911, 2.1377224199288256, 7.661921708185053, 9.184875444839857, 10.332918149466192, 9.054270462633452, 2.9115658362989323, 0.0, 0.021530249110320285, 1.4626334519572954, 6.592526690391459, 7.200355871886121, 7.841814946619217, 8.534697508896798, 3.4930604982206406, 0.02224199288256228, 0.014412811387900355, 0.7830960854092527, 7.753202846975089, 9.77491103202847, 9.65338078291815, 9.115480427046263, 3.737900355871886, 0.16690391459074733, 0.00035587188612099647, 0.2818505338078292, 5.760498220640569, 11.989679715302492, 11.572419928825623, 6.7208185053380785, 2.093594306049822, 0.25409252669039145], "std": [1, 0.8798833610447252, 4.672303170244786, 4.255573134741447, 4.462149068140123, 5.630647928122971, 3.3563347895529096, 1.0469048527187899, 0.09041457378120553, 3.0985397275009694, 5.430796335765762, 4.002308049017313, 4.788253579546794, 5.972534272713181, 3.9191212015922505, 0.9404064412627527, 0.10494661318331398, 3.492986616543241, 5.8252904027386, 5.881763406130285, 6.152313072054629, 6.261448907679016, 3.483530008467366, 0.43638934234202154, 0.03265694191391861, 3.105499508244171, 6.147898745388444, 5.897064480417536, 6.2413946279771775, 5.96194502153967, 3.643949895553013, 0.0595870253834901, 0.02981422790056488, 3.3022531628296123, 6.279346069008121, 6.214678331486348, 5.923385557821652, 5.879369315029319, 3.502034188244016, 1, 0.27350201514401545, 2.950153896248397, 6.5176585500674475, 6.459102094978227, 6.298200238428069, 5.773454931668027, 4.356259646377979, 0.2474854864322502, 0.25020723164661346, 1.929292557826726, 5.661078521489416, 5.170616792704284, 5.312390434543214, 5.973846516852562, 4.906472724376789, 0.8433795057787681, 0.018861209964412536, 0.9298862244765173, 5.020697917715972, 4.347155191663436, 4.975232698808242, 5.815046200966293, 4.047598677301664, 1.4184320369323486]}